nome,email,telefone,papel
Participante1,part0001@e2e-large.test,11900000001,participante
Participante2,part0002@e2e-large.test,11900000002,participante
Participante3,part0003@e2e-large.test,11900000003,participante
Participante4,part0004@e2e-large.test,11900000004,participante
Participante5,part0005@e2e-large.test,11900000005,participante
Participante6,part0006@e2e-large.test,11900000006,participante
Participante7,part0007@e2e-large.test,11900000007,participante
Participante8,part0008@e2e-large.test,11900000008,participante
Participante9,part0009@e2e-large.test,11900000009,participante
Participante10,part0010@e2e-large.test,11900000010,participante
Participante11,part0011@e2e-large.test,11900000011,participante
Participante12,part0012@e2e-large.test,11900000012,participante
Participante13,part0013@e2e-large.test,11900000013,participante
Participante14,part0014@e2e-large.test,11900000014,participante
Participante15,part0015@e2e-large.test,11900000015,participante
Participante16,part0016@e2e-large.test,11900000016,participante
Participante17,part0017@e2e-large.test,11900000017,participante
Participante18,part0018@e2e-large.test,11900000018,participante
Participante19,part0019@e2e-large.test,11900000019,participante
Participante20,part0020@e2e-large.test,11900000020,participante
Participante21,part0021@e2e-large.test,11900000021,participante
Participante22,part0022@e2e-large.test,11900000022,participante
Participante23,part0023@e2e-large.test,11900000023,participante
Participante24,part0024@e2e-large.test,11900000024,participante
Participante25,part0025@e2e-large.test,11900000025,participante
Participante26,part0026@e2e-large.test,11900000026,participante
Participante27,part0027@e2e-large.test,11900000027,participante
Participante28,part0028@e2e-large.test,11900000028,participante
Participante29,part0029@e2e-large.test,11900000029,participante
Participante30,part0030@e2e-large.test,11900000030,participante
Participante31,part0031@e2e-large.test,11900000031,participante
Participante32,part0032@e2e-large.test,11900000032,participante
Participante33,part0033@e2e-large.test,11900000033,participante
Participante34,part0034@e2e-large.test,11900000034,participante
Participante35,part0035@e2e-large.test,11900000035,participante
Participante36,part0036@e2e-large.test,11900000036,participante
Participante37,part0037@e2e-large.test,11900000037,participante
Participante38,part0038@e2e-large.test,11900000038,participante
Participante39,part0039@e2e-large.test,11900000039,participante
Participante40,part0040@e2e-large.test,11900000040,participante
Participante41,part0041@e2e-large.test,11900000041,participante
Participante42,part0042@e2e-large.test,11900000042,participante
Participante43,part0043@e2e-large.test,11900000043,participante
Participante44,part0044@e2e-large.test,11900000044,participante
Participante45,part0045@e2e-large.test,11900000045,participante
Participante46,part0046@e2e-large.test,11900000046,participante
Participante47,part0047@e2e-large.test,11900000047,participante
Participante48,part0048@e2e-large.test,11900000048,participante
Participante49,part0049@e2e-large.test,11900000049,participante
Participante50,part0050@e2e-large.test,11900000050,participante
Participante51,part0051@e2e-large.test,11900000051,participante
Participante52,part0052@e2e-large.test,11900000052,participante
Participante53,part0053@e2e-large.test,11900000053,participante
Participante54,part0054@e2e-large.test,11900000054,participante
Participante55,part0055@e2e-large.test,11900000055,participante
Participante56,part0056@e2e-large.test,11900000056,participante
Participante57,part0057@e2e-large.test,11900000057,participante
Participante58,part0058@e2e-large.test,11900000058,participante
Participante59,part0059@e2e-large.test,11900000059,participante
Participante60,part0060@e2e-large.test,11900000060,participante
Participante61,part0061@e2e-large.test,11900000061,participante
Participante62,part0062@e2e-large.test,11900000062,participante
Participante63,part0063@e2e-large.test,11900000063,participante
Participante64,part0064@e2e-large.test,11900000064,participante
Participante65,part0065@e2e-large.test,11900000065,participante
Participante66,part0066@e2e-large.test,11900000066,participante
Participante67,part0067@e2e-large.test,11900000067,participante
Participante68,part0068@e2e-large.test,11900000068,participante
Participante69,part0069@e2e-large.test,11900000069,participante
Participante70,part0070@e2e-large.test,11900000070,participante
Participante71,part0071@e2e-large.test,11900000071,participante
Participante72,part0072@e2e-large.test,11900000072,participante
Participante73,part0073@e2e-large.test,11900000073,participante
Participante74,part0074@e2e-large.test,11900000074,participante
Participante75,part0075@e2e-large.test,11900000075,participante
Participante76,part0076@e2e-large.test,11900000076,participante
Participante77,part0077@e2e-large.test,11900000077,participante
Participante78,part0078@e2e-large.test,11900000078,participante
Participante79,part0079@e2e-large.test,11900000079,participante
Participante80,part0080@e2e-large.test,11900000080,participante
Participante81,part0081@e2e-large.test,11900000081,participante
Participante82,part0082@e2e-large.test,11900000082,participante
Participante83,part0083@e2e-large.test,11900000083,participante
Participante84,part0084@e2e-large.test,11900000084,participante
Participante85,part0085@e2e-large.test,11900000085,participante
Participante86,part0086@e2e-large.test,11900000086,participante
Participante87,part0087@e2e-large.test,11900000087,participante
Participante88,part0088@e2e-large.test,11900000088,participante
Participante89,part0089@e2e-large.test,11900000089,participante
Participante90,part0090@e2e-large.test,11900000090,participante
Participante91,part0091@e2e-large.test,11900000091,participante
Participante92,part0092@e2e-large.test,11900000092,participante
Participante93,part0093@e2e-large.test,11900000093,participante
Participante94,part0094@e2e-large.test,11900000094,participante
Participante95,part0095@e2e-large.test,11900000095,participante
Participante96,part0096@e2e-large.test,11900000096,participante
Participante97,part0097@e2e-large.test,11900000097,participante
Participante98,part0098@e2e-large.test,11900000098,participante
Participante99,part0099@e2e-large.test,11900000099,participante
Participante100,part0100@e2e-large.test,11900000100,participante
Participante101,part0101@e2e-large.test,11900000101,participante
